{
  "project_info": {
    "project_number": "870373601045",
    "project_id": "predictive-health-analysis-sys",
    "storage_bucket": "predictive-health-analysis-sys.firebasestorage.app"
  },
  "client": [
    {
      "client_info": {
        "mobilesdk_app_id": "1:870373601045:android:8aba6a6e00da4bf840031c",
        "android_client_info": {
          "package_name": "com.example.predictivehealthyanalysissystem"
        }
      },
      "oauth_client": [],
      "api_key": [
        {
          "current_key": "AIzaSyDVM7b2izAyVTj-opz9-_6cbx4UZisspkI"
        }
      ],
      "services": {
        "appinvite_service": {
          "other_platform_oauth_client": []
        }
      }
    }
  ],
  "configuration_version": "1"
}